Cear&aacute; | Todos os Munic&iacute;pios
Munic&iacute;pio [-],C&oacute;digo [-],Gent&iacute;lico [-],Prefeito [2017],&Aacute;rea Territorial - km&sup2; [2022],Popula&ccedil;&atilde;o estimada - pessoas [2021],Densidade demogr&aacute;fica - hab/km&sup2; [2010],Escolariza&ccedil;&atilde;o &lt;span&gt;6 a 14 anos&lt;/span&gt; - % [2010],IDHM &lt;span&gt;&Iacute;ndice de desenvolvimento humano municipal&lt;/span&gt; [2010],Mortalidade infantil - &oacute;bitos por mil nascidos vivos [2020],Receitas realizadas - R$ (&times;1000) [2017],Despesas empenhadas - R$ (&times;1000) [2017],PIB per capita - R$ [2020],
Abaiara,2300101,abaiarense,AFONSO TAVARES LEITE,180.833,11965,58.69,96.7,0.628,19.87,29043.96353,26827.90366,9158.04,
Acarape,2300150,acarapense,FRANCISCO EDILBERTO BESERRA BARROSO,130.002,15140,98.52,96.8,0.606,5.35,38762.5354,36800.46805,10317.47,
Acara&uacute;,2300200,acarauense,ANA FL&Aacute;VIA RIBEIRO MONTEIRO,842.471,63556,68.31,96.8,0.601,5.92,132656.38793,109899.29715,13261.89,
Acopiara,2300309,acopiarense,ANT&Ocirc;NIO ALMEIDA NETO,2254.279,54687,22.58,97.2,0.595,20.18,153148.70946,125356.16693,9432.25,
Aiuaba,2300408,aiuabense,RAMILSON ARAUJO MORAES,2438.563,17584,6.66,97.5,0.569,15.08,37794.63071,33776.93227,8642.90,
Alc&acirc;ntaras,2300507,alcantarense,JOAQUIM FREIRE CARVALHO,135.760,11846,77.71,97.7,0.600,-,28047.7779,28990.81921,7674.08,
Altaneira,2300606,altaneirense,FRANCISCO DARIOMAR RODRIGUES SOARES,72.675,7712,93.54,95.7,0.602,9.43,31688.0261,24034.7098,8560.21,
Alto Santo,2300705,alto-santense,JOSE JOENI HOLANDA DE ARAUJO,1147.208,16077,12.22,96.5,0.601,12.12,40704.75209,35934.2694,11725.03,
Amontada,2300754,amontadense,FLAVIO CESAR BRUNO TEIXEIRA FILHO,1175.044,44195,33.27,97,0.606,8.72,104596.02325,100940.29595,12195.24,
Antonina do Norte,2300804,antonino ou antoninense,ANTONIO ROSENO FILHO,259.706,7402,26.85,95.7,0.599,11.11,21091.60042,19508.59033,9279.79,
Apuiar&eacute;s,2300903,apuiareense,IRIS MARIA CRUZ DE LIMA,543.980,14742,25.54,98.6,0.618,-,43151.1677,36822.04468,7642.48,
Aquiraz,2301000,aquirazense,BRUNO BARROS GON&Ccedil;ALVES,480.236,81581,150.50,96.5,0.641,14.23,244006.6155,197501.39598,42147.15,
Aracati,2301109,aracatiense,BISMARCK COSTA LIMA PINHEIRO MAIA,1227.197,75392,56.32,98.5,0.655,9.33,227561.34007,185621.26216,19713.63,
Aracoiaba,2301208,aracoiabense,THIAGO CAMPELO NOGUEIRA,643.988,26600,38.67,96.5,0.615,8.7,66969.90402,70353.85927,9885.68,
Ararend&aacute;,2301257,ararendaense,ALEXANDRE FELIX DUTRA,342.301,10983,30.49,98.9,0.590,7.04,30233.21546,28244.06253,8097.17,
Araripe,2301307,araripense,CICERO FERREIRA DA SILVA,1097.339,21707,18.81,96.3,0.564,12.01,69217.32083,59671.85451,8762.18,
Aratuba,2301406,aratubano,JOERLY RODRIGUES VICTOR,119.758,11759,100.44,97,0.622,13.51,49123.73328,31633.95958,13301.76,
Arneiroz,2301505,arneirozense,ANT&Ocirc;NIO MONTEIRO PEDROSA FILHO,1068.437,7848,7.17,97.6,0.618,32.61,11.50649,20466.42208,8467.35,
Assar&eacute;,2301604,assareense,JOSE LIBORIO LEITE NETO,1155.124,23537,20.11,96.6,0.600,11.07,52234.57079,42903.24791,11597.22,
Aurora,2301703,aurorense,MARCONE TAVARES DE LUNA,885.870,24567,27.73,97.9,0.605,9.12,52517.28398,46765.06558,8649.66,
Baixio,2301802,baixiense,JOS&Eacute; HUMBERTO MOURA RAMALHO,145.556,6318,41.15,97.9,0.627,-,23630.68618,21367.08949,10232.14,
Banabui&uacute;,2301851,banabuiense,FRANCISCO HERMES NOBRE,1080.986,18313,16.03,98,0.606,8.13,46068.89785,42192.55666,11453.61,
Barbalha,2301901,barbalhense,GUILHERME SAMPAIO SARAIVA,608.158,61662,97.14,98.3,0.683,6.26,243774.85895,227251.72162,19552.45,
Barreira,2301950,barreirense,ANTONIO ALAILSON OLIVEIRA SALDANHA,260.003,22715,79.63,97.8,0.616,25.28,49562.61395,44585.4676,9089.71,
Barro,2302008,barrense,JOS&Eacute; MARQUIN&Eacute;LIO TAVARES,711.346,22834,30.22,97.1,0.599,13.7,41340.96125,39319.66277,9940.27,
Barroquinha,2302057,barroquinhense,JAIME VERAS SILVA FILHO,385.583,15069,37.76,97.9,0.571,4.9,39700.27383,35936.40334,8169.54,
Baturit&eacute;,2302107,baturiteense,HERBERLH FREITAS REIS CAVALCANTE MOTA,314.075,36127,107.98,95.9,0.619,16.39,74220.66741,67628.88549,11616.09,
Beberibe,2302206,beberibense,MICHELE CARIELLO DE S&Aacute; QUEIROZ ROCHA,1596.751,54315,30.37,98.2,0.638,17.27,119759.00352,114373.58263,17933.94,
Bela Cruz,2302305,bela-cruzense,JOSE OTACILIO DE MORAIS NETO,842.106,32851,36.63,98.9,0.623,23.32,54874.52308,54813.93035,8152.92,
Boa Viagem,2302404,boa-viagense,JOSE CARNEIRO DANTAS FILHO,2835.037,54680,18.51,97.6,0.598,10.84,103721.3768,98299.87318,9284.37,
Brejo Santo,2302503,brejo-santense,MARIA GISLAINE SANTANA SAMPAIO LANDIM,654.658,50195,68.12,92.5,0.647,10.23,170601.2427,147722.76868,14200.26,
Camocim,2302602,camocimense,MARIA ELIZABETE MAGALHAES,1120.452,64147,53.48,97.8,0.620,12.63,184054.11674,163720.78207,11558.46,
Campos Sales,2302701,campos-salense,JO&Atilde;O LUIZ LIMA SANTOS,1082.582,27513,24.48,98.3,0.630,21.21,72422.3074,64018.70805,11256.58,
Canind&eacute;,2302800,canindeense,MARIA DO ROS&Aacute;RIO ARA&Uacute;JO PEDROSA XIMENES,3032.390,77484,23.14,97.5,0.612,12.46,208998.68705,198932.36748,12879.01,
Capistrano,2302909,capistranense,ANTONIO SOARES SARAIVA JUNIOR,226.549,17830,76.67,96.3,0.611,12.05,44410.43366,47389.11605,10611.27,
Caridade,2303006,caridadense,MARIA AMANDA LOPES COSTA,926.271,23011,23.65,97.3,0.592,18.87,42361.98869,44059.92572,7855.74,
Carir&eacute;,2303105,carireense,ANTONIO RUFINO MARTINS,755.597,18470,24.24,97.9,0.596,7.87,51159.84298,45628.31527,9460.38,
Cariria&ccedil;u,2303204,cariria&ccedil;uense,JOS&Eacute; EDMILSON LEITE BARBOSA,634.179,27008,42.33,96.1,0.578,5.05,59523.756,55442.10147,9186.37,
Cari&uacute;s,2303303,cariuense,ANTONIO WILAMAR PALACIO DE OLIVEIRA,1036.417,18700,17.49,97.1,0.597,17.75,43117.00843,38533.8984,8778.94,
Carnaubal,2303402,carnaubalense,JOSE WELITON SOUZA LEITE,363.220,17763,45.90,97.1,0.593,8.89,44400.99881,39292.32944,8613.36,
Cascavel,2303501,cascavelense,TIAGO LUTIANI OLIVEIRA RIBEIRO,838.115,72706,78.99,96.7,0.646,2.98,157576.13841,146954.71201,13215.06,
Catarina,2303600,catarinense,THIAGO PAES DE ANDRADE RODRIGUES,488.153,21041,38.50,94.3,0.618,7.41,48412.85619,40082.53852,6695.21,
Catunda,2303659,catundense,RAVENNA FERNANDES GOMES MESQUITA LIMA,784.022,10410,12.59,98.7,0.609,9.62,30300.18724,29143.06431,10064.47,
Caucaia,2303709,caucaiense,VITOR PEREIRA VALIM,1223.246,368918,264.91,96.3,0.682,12.88,629854.17239,567292.53099,19873.31,
Cedro,2303808,cedrense,JO&Atilde;O BATISTA DINIZ,729.970,25612,33.79,97.5,0.627,11.11,73911.85398,51532.51825,8835.04,
Chaval,2303907,chavalense,SEBASTI&Atilde;O SOTERO VERAS,237.248,13112,52.95,97.4,0.586,6.02,28808.14599,30309.62554,7770.61,
Chor&oacute;,2303931,choroense,MARCONDES DE HOLANDA JUC&Aacute;,815.268,13608,15.76,97.2,0.585,14.18,39483.61716,32665.65548,12734.33,
Chorozinho,2303956,chorozinhense,FRANCISCO DE CASTRO MENEZES J&Uacute;NIOR,296.431,20286,67.94,97.4,0.604,11.11,53830.39622,47230.75267,16662.27,
Corea&uacute;,2304004,coreauense,JOSE EDEZIO VAZ DE SOUZA,750.332,23340,28.30,97.5,0.610,3.08,51937.11674,47475.59126,8215.03,
Crate&uacute;s,2304103,crateuense,MARCELO FERREIRA MACHADO,2981.459,75241,24.39,97.5,0.644,13.25,140243.49492,139963.52378,11910.99,
Crato,2304202,cratense,JOS&Eacute; AILTON DE SOUSA BRASIL,1138.150,133913,103.21,97.8,0.713,10,263007.65557,226354.59361,12922.73,
Croat&aacute;,2304236,croataense,RONILSON FRANCISCO DE OLIVEIRA,696.348,18201,24.49,97.4,0.590,19.53,44431.21556,43136.46883,11348.00,
Cruz,2304251,cruzense,JO&Atilde;O MUNIZ SOBRINHO,335.921,25121,68.13,98.5,0.632,9.09,66832.45706,53862.87242,11839.21,
Deputado Irapuan Pinheiro,2304269,irapuense,FRANCISCO GILDECARLOS PINHEIRO,471.134,9698,19.33,99.3,0.609,-,28587.71263,24445.95004,9105.25,
Erer&eacute;,2304277,erereense,FRANCISCO OTONI DE QUEIROZ MOURA,362.906,7254,17.87,98,0.610,27.78,20139.95203,19068.06015,9259.84,
Eus&eacute;bio,2304285,eusebiano,ACILON GON&Ccedil;ALVES PINTO JUNIOR,78.818,55035,582.66,98.3,0.701,9.17,281098.31547,251597.09476,58604.18,
Farias Brito,2304301,farias-britense,FRANCISCO AUSTRAGEZIO SALES,530.540,19330,37.74,99.3,0.633,28.93,51471.39926,44726.55491,10748.94,
Forquilha,2304350,forquilhense,EDINARDO RODRIGUES FILHO,568.778,24680,42.14,96.4,0.644,-,59852.25615,55357.41569,10153.68,
Fortaleza,2304400,fortalezense,JOS&Eacute; SARTO NOGUEIRA MOREIRA,312.353,2703391,7786.44,96.1,0.754,12.02,6810527.06948,6525657.82435,24253.93,
Fortim,2304459,fortinense,NASELMO DE SOUSA FERREIRA,285.024,16776,53.15,97.5,0.624,16.39,46215.46717,41449.76087,14311.56,
Frecheirinha,2304509,frecheirinhense,HELTON LUIS AGUIAR JUNIOR,210.284,14195,71.68,97.8,0.604,21.9,44426.33149,38675.59321,16530.18,
General Sampaio,2304608,sampaiense,FRANCISCO CORDEIRO MOREIRA,230.371,7767,30.21,96.2,0.568,9.26,24583.97795,25385.03992,10022.93,
Gra&ccedil;a,2304657,gracense,MARIA IRALDICE DE ALC&Acirc;NTARA,258.942,14415,53.39,99.1,0.570,22.22,50466.39062,45677.84743,8107.93,
Granja,2304707,granjense,JULIANA FROTA LOPES DE ALDIGUERI ARRUDA,2663.174,55170,19.52,94.7,0.559,6.37,107204.79999,106091.78735,7976.43,
Granjeiro,2304806,granjeirense,FRANCISCO CLEMENTINO DE ALMEIDA,111.528,4784,46.23,98.8,0.585,27.4,16.63519,16804.48543,9762.29,
Groa&iacute;ras,2304905,groairense,ADAIL ALBUQUERQUE MELO,155.681,11219,65.59,97.9,0.633,20.55,30387.53255,28903.84396,8666.22,
Guai&uacute;ba,2304954,guaiubano,IZABELLA MARIA FERNANDES DA SILVA,256.053,26508,90.19,94.2,0.617,3.24,55147.27488,51598.99584,8231.80,
Guaraciaba do Norte,2305001,guaraciabense,ANTONIO ADAIL MACHADO CASTRO,624.606,40921,61.78,97.7,0.609,9.1,105405.88413,90370.30516,15609.13,
Guaramiranga,2305100,guaramiranguense,ROBERLANDIA FERREIRA CASTELO BRANCO,90.817,5073,70.06,97.6,0.637,-,32183.19369,20840.76729,14182.54,
Hidrol&acirc;ndia,2305209,hidrolandense,IRES MOURA OLIVEIRA,926.592,20126,19.99,98,0.597,12.5,40945.08241,37985.57052,8390.94,
Horizonte,2305233,horizontino,MANOEL GOMES DE FARIAS NETO,160.557,69688,344.96,97.1,0.658,9.7,193783.1808,175778.48186,25074.33,
Ibaretama,2305266,ibaretamense,ELIRIA MARIA FREITAS DE QUEIROZ,879.255,13385,14.73,95.4,0.577,5.49,28682.80626,28828.38628,9285.37,
Ibiapina,2305308,ibiapinense,MARCOS ANTONIO DA SILVA LIMA,414.092,25165,57.38,98.5,0.608,2.61,51973.94305,46606.54475,13413.88,
Ibicuitinga,2305332,ibicuitinguense,FRANCISCO JOS&Eacute; MAGALH&Atilde;ES CARNEIRO,423.856,12730,26.72,97.9,0.606,-,32884.86905,28419.81875,8893.02,
Icapu&iacute;,2305357,icapuiense,RAIMUNDO LACERDA FILHO,421.440,20183,43.43,96.8,0.616,3.77,93890.53522,82328.16553,18804.37,
Ic&oacute;,2305407,icoense,ANA LA&Iacute;S PEIXOTO CORREIA NUNES,1865.862,68303,34.97,96.7,0.606,6.01,121888.3251,120450.04181,9974.63,
Iguatu,2305506,iguatuense,EDNALDO DE LAVOR COURAS,992.208,103633,93.76,96.8,0.677,10.45,217787.90904,200741.43321,17001.56,
Independ&ecirc;ncia,2305605,independenciano,JOSE VALDI COUTINHO,3222.381,26196,7.95,97.6,0.632,16.61,50895.19251,47668.2617,11360.79,
Ipaporanga,2305654,ipaporanguense,ANTONIO AMARO PEREIRA OLIVEIRA,704.773,11597,16.16,97.2,0.579,7.75,31035.32593,31543.55553,8278.73,
Ipaumirim,2305704,ipaumirinense,WILSON ALVES DE FREITAS,276.508,12507,43.86,96.7,0.606,8.62,26749.06499,26533.50603,10722.96,
Ipu,2305803,ipuense,ROBERIO WAGNER MARTINS MOREIRA,626.049,42148,64.03,97.3,0.618,7.23,95058.00809,85477.94975,11170.26,
Ipueiras,2305902,ipueirense,FRANCISCO SOUTO DE VASCONCELOS J&Uacute;NIOR,1483.258,38064,25.63,98.1,0.573,9.56,85184.00785,78943.66079,8142.13,
Iracema,2306009,iracemense,CELSO GOMES DA SILVA NETO,839.174,14351,16.71,98,0.652,11.76,43144.92393,43284.80094,12240.15,
Irau&ccedil;uba,2306108,irau&ccedil;ubense,PATR&Iacute;CIA MARIA SANTOS BARRETO,1466.412,24450,15.28,95.2,0.605,16.44,57618.57886,51199.17333,7899.33,
Itai&ccedil;aba,2306207,itai&ccedil;abense,FRANK GOMES FREITAS,213.604,7904,34.49,99.5,0.656,10.99,24405.74731,21829.31688,9726.35,
Itaitinga,2306256,Itaitinguense,PAULO CESAR FEITOSA ARRAIS,153.686,38661,236.51,91.4,0.626,4.27,100395.80561,91053.8776,23330.76,
Itapaj&eacute;,2306306,itapajeense,MARIA GORETE BARROSO MAGALHAES CAETANO,432.188,53448,110.01,97.1,0.623,4.55,113391.49212,101400.18181,10655.60,
Itapipoca,2306405,itapipoquense,FELIPE SOUZA PINHEIRO,1600.358,131687,71.90,97.9,0.640,14.95,268626.66471,239926.54933,12210.38,
Itapi&uacute;na,2306504,itapiunense,FRANCISCO D&Aacute;RIO DE OLIVEIRA COELHO,593.231,20653,31.64,95.3,0.604,4.93,65456.73673,45448.28476,7944.20,
Itarema,2306553,itaremense,ELIZEU CHARLES MONTEIRO,714.833,42595,52.00,96.6,0.606,12.61,100102.24161,93239.96143,16498.65,
Itatira,2306603,itatirense,JOS&Eacute; FERREIRA MATEUS,829.626,22018,24.12,97.6,0.562,9.4,76025.83975,60600.42204,7302.96,
Jaguaretama,2306702,jaguaretamense,FRANCISCO GLAIRTON RABELO CUNHA,1826.826,18133,10.15,96.7,0.612,4.44,49201.83037,35976.64248,11306.81,
Jaguaribara,2306801,jaguaribarense,JOACY ALVES DOS SANTOS JUNIOR,622.963,11580,15.55,97.4,0.618,29.2,28167.84306,26656.01281,12327.89,
Jaguaribe,2306900,jaguaribano,ALEXANDRE GOMES DIOGENES,1877.062,34592,18.33,96.4,0.621,22.17,85507.21442,82644.15907,16054.82,
Jaguaruana,2307007,jaguaruanense,ROBERTO BARBOSA MOREIRA,854.362,33960,37.16,98.4,0.624,8.5,69049.41624,69046.51936,14165.41,
Jardim,2307106,jardinense,ANIZIARIO JORGE COSTA,544.980,27187,48.31,98.4,0.614,9.01,58468.86665,52203.50615,9576.90,
Jati,2307205,jatiense,MONICA ROSANY PEREIRA MARIANO,368.359,8150,21.21,98.1,0.651,-,32089.96358,28222.35564,14536.25,
Jijoca de Jericoacoara,2307254,jijoquense,LINDBERGH MARTINS,209.029,20351,83.02,98.8,0.652,12.76,62313.16657,60923.78966,21191.38,
Juazeiro do Norte,2307304,juazeirense,GL&Ecirc;DSON LIMA BEZERRA,258.788,278264,1004.45,97.3,0.694,13.56,672950.28823,522709.24412,17354.57,
Juc&aacute;s,2307403,jucaense,JOSE EDSONRIVA SOUZA CUNHA,940.336,24949,25.40,97.5,0.598,7.04,55718.34201,53527.80103,11072.76,
Lavras da Mangabeira,2307502,lavrense ou lavraense,RONALDO PEDROSA LIMA,945.263,31476,32.80,97.2,0.613,14.97,67220.81129,56816.99038,9065.59,
Limoeiro do Norte,2307601,limoeirense,JOS&Eacute; MARIA DE OLIVEIRA LUCENA,744.525,60232,74.91,98,0.682,8.21,115645.24638,106746.35266,20414.96,
Madalena,2307635,madalenense,MARIA S&Ocirc;NIA DE OLIVEIRA COSTA,997.781,20031,17.48,98.3,0.610,17.14,41301.98044,39124.62753,8115.58,
Maracana&uacute;,2307650,maracanauense,ROBERTO SOARES PESSOA,105.071,230986,1960.25,97.4,0.686,9.43,724429.98265,657108.09501,43116.46,
Maranguape,2307700,maranguapense,ATILA CORDEIRO CAMARA,583.505,131677,192.19,94.9,0.659,12.08,197385.57777,193904.06851,11511.56,
Marco,2307809,marquense,ROGER NEVES AGUIAR,573.610,27822,43.03,97.4,0.612,23.68,64664.2363,57587.68763,12396.07,
Martin&oacute;pole,2307908,martinolopolitano ou martinolopense,FRANCISCO FONTENELE JUNIOR,303.445,11407,34.16,97.8,0.599,5.29,30155.02181,29615.54391,7862.38,
Massap&ecirc;,2308005,massapeense,ALINE AGUIAR ALBUQUERQUE,567.780,39341,62.11,98.3,0.616,20.34,101272.15812,81630.43037,8202.32,
Mauriti,2308104,mauritiense,ISAAC GOMES DA SILVA JUNIOR,1079.011,48370,42.15,98.1,0.605,22.22,88623.54391,87085.54274,9811.91,
Meruoca,2308203,meruoquense,JOS&Eacute; HERTON ALVES DE SOUSA,151.651,15309,91.38,97.8,0.618,10.42,40227.84038,35949.35702,7904.84,
Milagres,2308302,milagrense,C&Iacute;CERO ALVES DE FIGUEIREDO,579.097,27413,46.69,96.2,0.628,23.05,62154.81674,53491.71754,10086.12,
Milh&atilde;,2308351,milhaense,LUIZ ALAN PINHEIRO MAC&Ecirc;DO,502.137,13129,26.05,97.5,0.626,21.43,35731.74713,31509.00394,12821.42,
Mira&iacute;ma,2308377,miraimense,ANTONIO EDNARDO BRAGA LIMA FILHO,708.678,13965,18.29,98.6,0.592,5.29,31540.70901,31469.47985,7289.46,
Miss&atilde;o Velha,2308401,miss&atilde;ovelhense,DIEGO GONDIM FEITOSA,613.317,35566,53.08,96.8,0.622,12.09,75644.0299,68822.84345,12954.13,
Momba&ccedil;a,2308500,mombacense,ORLANDO BENEVIDES CAVALCANTE FILHO,2115.748,43917,20.14,96.4,0.582,12.77,82316.49363,75706.9863,9398.42,
Monsenhor Tabosa,2308609,taboense,FRANCISCO SALOM&Atilde;O DE ARA&Uacute;JO SOUSA,892.538,17264,18.85,99.2,0.610,24.75,44058.07424,43438.91752,8588.52,
Morada Nova,2308708,morada-novense,JOS&Eacute; VANDERLEY NOGUEIRA,2763.971,61590,22.33,97.6,0.610,11.58,138124.47818,127183.74765,18928.48,
Mora&uacute;jo,2308807,moraujense,CARLOS &Aacute;QUILA CUNHA DE QUEIROZ,414.446,8833,19.42,97.4,0.581,8.93,22274.27278,21764.31104,8200.94,
Morrinhos,2308906,morrinhense,JERONIMO NETO BRAND&Atilde;O,411.586,22830,49.81,95.1,0.588,21.02,50690.40271,43150.09189,7635.05,
Mucambo,2309003,mucambense,FRANCISCO DAS CHAGAS PARENTE AGUIAR,192.190,14561,73.99,98.6,0.607,11.63,38188.35135,34550.89887,8005.56,
Mulungu,2309102,mulunguense,ROBERT VIANA LEIT&Atilde;O,97.951,11056,85.35,96.9,0.607,7.04,34670.52113,26115.92919,11284.98,
Nova Olinda,2309201,nova-olindense,&Iacute;TALO BRITO ALENCAR ALVES,282.584,15798,50.13,97.3,0.625,20,46687.0978,38351.07058,10153.43,
Nova Russas,2309300,nova-russano,GIORDANNA SILVA BRAGA MANO,736.911,32487,41.69,98,0.614,13.55,61813.47715,57297.44701,9556.58,
Novo Oriente,2309409,novorientense,JESUINO RODRIGUES DE SAMPAIO NETO,947.440,28737,28.92,97.9,0.605,3.04,59518.6181,54123.86991,8921.11,
Ocara,2309458,ocarense,AMALIA LOPES DE SOUSA,763.075,25958,31.36,98.2,0.594,10.95,60494.65773,53834.80254,8912.68,
Or&oacute;s,2309508,oroense,JOS&Eacute; RUBENS LIMA VERDE,577.526,21342,37.12,97.4,0.636,27.03,49148.46668,46212.7834,9316.89,
Pacajus,2309607,pacajuense,BRUNO PEREIRA FIGUEIREDO,250.304,74145,243.00,98.2,0.659,7.61,130640.47392,115063.05222,16100.81,
Pacatuba,2309706,pacatubano,CARLOMANO GOMES MARQUES,133.236,85647,547.74,94.6,0.675,9.32,155367.73579,143992.76127,13059.07,
Pacoti,2309805,pacotiense,MARCOS VENICIOS NORJOSA GONZAGA,112.433,12313,103.61,96.5,0.635,24.79,33058.44979,30571.83887,11105.20,
Pacuj&aacute;,2309904,pacujaense,RAIMUNDO RODRIGUES DE SOUSA FILHO,88.355,6565,78.63,98.5,0.621,-,25845.9189,19807.39588,8413.70,
Palhano,2310001,palhanense,IVANILDO NUNES DA SILVA,436.980,9458,20.13,98.1,0.638,24.39,23889.59752,21230.16995,9874.25,
Palm&aacute;cia,2310100,palmaciano,DAVID CAMPOS MARTINS,128.896,13553,101.90,91.7,0.622,-,22.15967,23779.59408,8725.16,
Paracuru,2310209,paracuruense,WEMBLEY GOMES COSTA,304.734,35526,105.35,97.2,0.637,13.18,117339.29868,98096.46918,14633.22,
Paraipaba,2310258,paraipabense,ARIANA CORDEIRO FA&Ccedil;ANHA DE AQUINO,289.231,33232,99.83,97.8,0.634,4.24,8947.8277,65060.16841,14755.89,
Parambu,2310308,parambuense,ROMULO MATEUS NORONHA,2313.868,31391,13.59,96.6,0.570,12.11,68411.84104,65099.22984,8334.36,
Paramoti,2310407,paramotiense,ANTONIA TELV&Acirc;NIA FERREIRA BRAZ,539.238,12276,23.43,98.7,0.583,17.24,46031.13183,38441.85235,9015.57,
Pedra Branca,2310506,pedra-branquense,ANTONIO GOIS MONTEIRO MENDES,1302.081,43359,32.14,98.1,0.603,6.3,82925.93161,81111.07524,8675.86,
Penaforte,2310605,penafortense,RAFAEL FERREIRA ANGELO,150.536,9207,57.96,96.7,0.646,5.68,31652.88666,27208.08937,12715.18,
Pentecoste,2310704,pentecostense,JO&Atilde;O BOSCO PESSOA TABOSA,1379.836,38045,25.68,97.3,0.629,7.81,82670.47311,77568.30441,12798.17,
Pereiro,2310803,pereirense,RAIMUNDO ESTEVAM NETO,435.868,16356,36.35,97.9,0.601,10.42,39968.77252,33925.60465,25214.91,
Pindoretama,2310852,pindoretamense,JOS&Eacute; MARIA MENDES LEITE,74.033,20964,256.06,97.6,0.636,22.36,54134.13734,50810.22872,12189.47,
Piquet Carneiro,2310902,piquet-carneirense,BISMARCK BARROS BEZERRA,589.601,17210,26.31,96,0.600,25,40085.45432,37094.36253,8868.11,
Pires Ferreira,2310951,pires-ferreirense,L&Iacute;VIA MARIA MESQUITA MORORO MUNIZ MARQUES,244.464,11052,42.02,96.8,0.591,21.28,31064.19943,27798.29652,7211.45,
Poranga,2311009,poranguense,CARLOS ANTONIO RODRIGUES PEREIRA,1310.771,12358,9.17,98.8,0.581,6.21,32651.06826,32252.54594,7880.61,
Porteiras,2311108,porteirense,FABIO PINHEIRO CARDOSO,224.860,14920,69.22,97.6,0.622,8.37,42013.5771,37198.78845,11189.65,
Potengi,2311207,potengiense,FRANCISCO EDSON VERIATO DA SILVA,343.264,11165,30.34,92.7,0.562,17.54,31761.26025,28826.42168,9353.64,
Potiretama,2311231,potiretamense,LUAN DANTAS FELIX,409.137,6455,14.93,98,0.604,14.71,23759.34692,23358.35107,13429.39,
Quiterian&oacute;polis,2311264,quiterianopolense,FRANCISCA PRISCILLA DUARTE DE FIGUEIREDO,1041.832,21246,19.14,98.5,0.594,13.16,50000.3633,47607.42957,8083.40,
Quixad&aacute;,2311306,quixadaense,RICARDO JOS&Eacute; ARA&Uacute;JO SILVEIRA,2020.586,88899,39.91,95.8,0.659,21.31,176579.49543,166205.08141,11973.46,
Quixel&ocirc;,2311355,quixeloense,JOSE ADIL VIEIRA JUNIOR,605.345,16116,26.81,97.8,0.591,26.88,1022.69811,37344.88892,10482.81,
Quixeramobim,2311405,quixeramobinense,CIRILO ANT&Ocirc;NIO PIMENTA LIMA,3324.987,82455,21.95,96.7,0.642,10.62,177264.12065,180081.10224,14474.59,
Quixer&eacute;,2311504,quixereense,ANT&Ocirc;NIO JOAQUIM GON&Ccedil;ALVES DE OLIVEIRA,613.099,22432,31.69,97.5,0.622,15.21,54896.30529,51231.49738,20554.63,
Reden&ccedil;&atilde;o,2311603,redencionista,DAVID SANTA CRUZ BENEVIDES,247.989,29238,117.24,98.1,0.626,9.07,71514.3984,60338.75437,13216.42,
Reriutaba,2311702,reriutabense,PEDRO HUMBERTO COELHO MARQUES,372.949,18279,50.75,96.7,0.601,8.7,45570.45518,45448.70518,9707.05,
Russas,2311801,russano,S&Aacute;VIO GURGEL NOGUEIRA,1611.091,79550,43.91,97.2,0.674,5.38,163456.78801,151799.99666,13451.37,
Saboeiro,2311900,saboeirense,MARCONDES HERBSTER FERRAZ,1381.274,15757,11.39,97.1,0.575,6.1,38364.08232,33403.24731,9553.00,
Salitre,2311959,salitrense,DORGIVAL PEREIRA FILHO,806.253,16714,19.21,97.3,0.540,14.13,42585.35118,41896.6991,8826.75,
Santana do Acara&uacute;,2312007,santanense-do-acara&uacute;,FRANCISCO DAS CHAGAS MENDES,972.573,32851,30.89,95.4,0.587,27.33,60165.60352,59824.66124,7884.31,
Santana do Cariri,2312106,santanense-do-cariri,SAMUEL CIDADE WERTON,855.165,17726,20.07,97.9,0.612,8.2,57498.64883,50533.47256,8437.24,
Santa Quit&eacute;ria,2312205,quiteriense,JOS&Eacute; BRAGA BARROZO,4262.293,43719,10.04,97.6,0.616,9.63,87598.63375,80916.4089,12171.26,
S&atilde;o Benedito,2312304,beneditense,SAUL LIMA MACIEL,350.847,48354,130.61,98.1,0.611,9.13,107397.28599,92516.11779,12371.40,
S&atilde;o Gon&ccedil;alo do Amarante,2312403,gon&ccedil;alense,MARCELO FERREIRA TELES,842.635,49306,52.60,98.1,0.665,7.26,252306.83358,219614.33442,83473.11,
S&atilde;o Jo&atilde;o do Jaguaribe,2312502,jaguaribense,RAIMUNDO CESAR MORAIS MAIA,279.451,7557,28.17,99.2,0.654,-,21311.30681,18661.53561,13595.79,
S&atilde;o Lu&iacute;s do Curu,2312601,curuense,FRANCISCO CIPRIANO DE ALMEIDA,122.865,13086,100.74,95.4,0.620,-,29335.08881,24687.03039,8962.27,
Senador Pompeu,2312700,pompeuense,ANT&Ocirc;NIO MAUR&Iacute;CIO PINHEIRO JUC&Aacute;,956.882,25418,26.41,96.4,0.619,11.58,58035.9837,52551.18314,12366.24,
Senador S&aacute;,2312809,senadorsaense,JOSE MARTINS BARROS JUNIOR,424.642,7758,16.16,98.2,0.603,9.09,16444.7424,21791.74248,7683.23,
Sobral,2312908,sobralense,IVO FERREIRA GOMES,2068.474,212437,88.67,97.9,0.714,10.62,620503.26479,574656.93699,21343.10,
Solon&oacute;pole,2313005,solonopolense,ANA VLADIA NOGUEIRA PINHEIRO JUC&Aacute;,1535.855,18389,11.50,98.6,0.625,6.41,54727.68971,49746.31073,12957.31,
Tabuleiro do Norte,2313104,tabuleirense,RILDSON RABELO VASCONCELOS,1047.637,32079,33.89,97.4,0.645,14.33,60758.96795,53068.85358,12346.84,
Tamboril,2313203,tamborilense,LUIZ MARCELO MOTA LEITE,2014.543,26199,12.98,97.1,0.580,21.54,73205.88552,68105.22591,9964.35,
Tarrafas,2313252,tarrafense,TERTULIANO CANDIDO MARTINS DE ARAUJO,412.719,8555,19.61,96.8,0.576,9.71,22118.1679,22655.93516,10406.07,
Tau&aacute;,2313302,tauaense,PATR&Iacute;CIA PEQUENO COSTA GOMES DE AGUIAR,4010.618,59259,13.87,97.7,0.633,14.8,136028.13652,135713.29548,11605.35,
Teju&ccedil;uoca,2313351,teju&ccedil;uoquense,JOSE ANTUNIZIO DE BRITO,758.707,19551,22.42,98.3,0.584,29.41,51853.41777,43425.04017,6958.53,
Tiangu&aacute;,2313401,tianguaense,LUIZ MENEZES DE LIMA,909.853,77111,75.80,98,0.657,7.03,152865.84876,148371.08625,21137.06,
Trairi,2313500,trairiense,CARLOS GUSTAVO MONTEIRO MOREIRA,928.725,56653,55.55,98.1,0.606,4.68,109451.09277,107186.91603,14795.09,
Tururu,2313559,tururuense,FRANCISCA HILZETE MALVEIRA BATISTA,201.270,16588,71.23,96.2,0.606,7.91,38075.48124,31969.73697,7430.37,
Ubajara,2313609,ubajarense,REN&Ecirc; DE ALMEIDA VASCONCELOS,423.673,35295,75.50,98.7,0.648,18.15,84777.89878,63907.03794,17903.87,
Umari,2313708,umariense,ALEX SANDRO RUFINO FERREIRA,263.183,7740,28.59,96.5,0.591,-,203.81705,18511.25613,8338.92,
Umirim,2313757,umiriense,FELIPE CARLOS UCH&Ocirc;A SALES RIBEIRO,315.648,19976,59.35,95.6,0.587,14.44,62155.59944,45115.41853,8030.88,
Uruburetama,2313807,uruburetamense,FRANCISCO ALDIR CHAVES DA SILVA,99.400,22223,203.61,95.9,0.639,14.16,46252.58477,42868.59476,12349.85,
Uruoca,2313906,uruoquense,JAN KENNEDY PAIVA AQUINO,697.683,13988,18.49,97.7,0.566,18.52,36175.66262,34549.30811,13874.25,
Varjota,2313955,varjotense,FRANCISCO ELMO BEZERRA MONTE,179.239,18520,98.07,96.6,0.611,7.41,51275.61286,47814.72672,19390.59,
V&aacute;rzea Alegre,2314003,varzea-alegrense,JOS&Eacute; HELDER M&Aacute;XIMO DE CARVALHO,829.976,41078,45.99,97,0.629,10.68,79368.15813,71300.30285,10609.61,
Vi&ccedil;osa do Cear&aacute;,2314102,vi&ccedil;osense,JOSE FIRMINO DE ARRUDA,1310.910,61916,41.90,96.9,0.571,8.14,126024.78879,104188.07011,8262.90,

<table class="fontes-container"><tr><th>Notas:</th></tr><tr><td>Escolariza&ccedil;&atilde;o <span>6 a 14 anos</span>: [população residente no município de 6 a 14 anos de idade matriculada no ensino regular/total de população residente no município de 6 a 14 anos de idade] x 100</td></tr><tr><td>População estimada: Para 'dúvidas e contestações' acesse https://www.ibge.gov.br/estatisticas/sociais/populacao/9103-estimativas-de-populacao.html?=&t=o-que-e</td></tr><tr><th>Fontes:</th></tr><tr><td>Área Territorial: Área territorial brasileira 2020. Rio de Janeiro: IBGE, 2021</td></tr><tr><td>População estimada: IBGE, Diretoria de Pesquisas, Coordenação de População e Indicadores Sociais, Estimativas da população residente com data de referência 1o de julho de 2020</td></tr><tr><td>Densidade demogr&aacute;fica: IBGE, Censo Demográfico 2010, Área territorial brasileira. Rio de Janeiro: IBGE, 2011</td></tr><tr><td>Escolariza&ccedil;&atilde;o <span>6 a 14 anos</span>: IBGE, Censo Demográfico 2010</td></tr><tr><td>IDHM <span>&Iacute;ndice de desenvolvimento humano municipal</span>: Programa das Nações Unidas para o Desenvolvimento - PNUD</td></tr><tr><td>Mortalidade infantil: Ministério da Saúde, Departamento de Informática do Sistema Único de Saúde - DATASUS 2017</td></tr><tr><td>Receitas realizadas: Contas anuais. Receitas orçamentárias realizadas (Anexo I-C) 2017 e Despesas orçamentárias empenhadas (Anexo I-D) 2017. In: Brasil. Secretaria do Tesouro Nacional, Siconfi: Sistema de Informações Contábeis e Fiscais do Setor Público Brasileiro. Brasília, DF, [2018]. Disponível em: https://siconfi.tesouro.gov.br/siconfi/pages/public/consulta_finbra/finbra_list.jsf. Acesso em: set. 2018</td></tr><tr><td>Despesas empenhadas: Contas anuais. Receitas orçamentárias realizadas (Anexo I-C) 2017 e Despesas orçamentárias empenhadas (Anexo I-D) 2017. In: Brasil. Secretaria do Tesouro Nacional, Siconfi: Sistema de Informações Contábeis e Fiscais do Setor Público Brasileiro. Brasília, DF, [2018]. Disponível em: https://siconfi.tesouro.gov.br/siconfi/pages/public/consulta_finbra/finbra_list.jsf. Acesso em: set. 2018</td></tr><tr><td>PIB per capita: IBGE, em parceria com os Órgãos Estaduais de Estatística, Secretarias Estaduais de Governo e Superintendência da Zona Franca de Manaus - SUFRAMA</td></tr></table>